{"parent":"minecraft:item/generated","textures":{"layer0":"minecraft:item/paper"},"overrides":[{"predicate":{"custom_model_data":1},"model":"lg:item/assassin/simple"},{"predicate":{"custom_model_data":2},"model":"lg:item/assassin/infected"},{"predicate":{"custom_model_data":3},"model":"lg:item/assassin/mayor_infected"},{"predicate":{"custom_model_data":4},"model":"lg:item/assassin/mayor"},{"predicate":{"custom_model_data":5},"model":"lg:item/assassin/mayor_vampired"},{"predicate":{"custom_model_data":6},"model":"lg:item/assassin/vampired"},{"predicate":{"custom_model_data":7},"model":"lg:item/assassin/infected_vampired"},{"predicate":{"custom_model_data":8},"model":"lg:item/assassin/mayor_infected_vampired"},{"predicate":{"custom_model_data":9},"model":"lg:item/assassin/dead_infected_vampired"},{"predicate":{"custom_model_data":10},"model":"lg:item/assassin/dead_vampired"},{"predicate":{"custom_model_data":11},"model":"lg:item/assassin/dead"},{"predicate":{"custom_model_data":12},"model":"lg:item/assassin/dead_infected"},{"predicate":{"custom_model_data":13},"model":"lg:item/vampire/simple"},{"predicate":{"custom_model_data":14},"model":"lg:item/vampire/infected"},{"predicate":{"custom_model_data":15},"model":"lg:item/vampire/mayor_infected"},{"predicate":{"custom_model_data":16},"model":"lg:item/vampire/mayor"},{"predicate":{"custom_model_data":17},"model":"lg:item/vampire/mayor_vampired"},{"predicate":{"custom_model_data":18},"model":"lg:item/vampire/vampired"},{"predicate":{"custom_model_data":19},"model":"lg:item/vampire/infected_vampired"},{"predicate":{"custom_model_data":20},"model":"lg:item/vampire/mayor_infected_vampired"},{"predicate":{"custom_model_data":21},"model":"lg:item/vampire/dead_infected_vampired"},{"predicate":{"custom_model_data":22},"model":"lg:item/vampire/dead_vampired"},{"predicate":{"custom_model_data":23},"model":"lg:item/vampire/dead"},{"predicate":{"custom_model_data":24},"model":"lg:item/vampire/dead_infected"},{"predicate":{"custom_model_data":25},"model":"lg:item/pyromaniac/simple"},{"predicate":{"custom_model_data":26},"model":"lg:item/pyromaniac/infected"},{"predicate":{"custom_model_data":27},"model":"lg:item/pyromaniac/mayor_infected"},{"predicate":{"custom_model_data":28},"model":"lg:item/pyromaniac/mayor"},{"predicate":{"custom_model_data":29},"model":"lg:item/pyromaniac/mayor_vampired"},{"predicate":{"custom_model_data":30},"model":"lg:item/pyromaniac/vampired"},{"predicate":{"custom_model_data":31},"model":"lg:item/pyromaniac/infected_vampired"},{"predicate":{"custom_model_data":32},"model":"lg:item/pyromaniac/mayor_infected_vampired"},{"predicate":{"custom_model_data":33},"model":"lg:item/pyromaniac/dead_infected_vampired"},{"predicate":{"custom_model_data":34},"model":"lg:item/pyromaniac/dead_vampired"},{"predicate":{"custom_model_data":35},"model":"lg:item/pyromaniac/dead"},{"predicate":{"custom_model_data":36},"model":"lg:item/pyromaniac/dead_infected"},{"predicate":{"custom_model_data":37},"model":"lg:item/redridinghood/simple"},{"predicate":{"custom_model_data":38},"model":"lg:item/redridinghood/infected"},{"predicate":{"custom_model_data":39},"model":"lg:item/redridinghood/mayor_infected"},{"predicate":{"custom_model_data":40},"model":"lg:item/redridinghood/mayor"},{"predicate":{"custom_model_data":41},"model":"lg:item/redridinghood/mayor_vampired"},{"predicate":{"custom_model_data":42},"model":"lg:item/redridinghood/vampired"},{"predicate":{"custom_model_data":43},"model":"lg:item/redridinghood/infected_vampired"},{"predicate":{"custom_model_data":44},"model":"lg:item/redridinghood/mayor_infected_vampired"},{"predicate":{"custom_model_data":45},"model":"lg:item/redridinghood/dead_infected_vampired"},{"predicate":{"custom_model_data":46},"model":"lg:item/redridinghood/dead_vampired"},{"predicate":{"custom_model_data":47},"model":"lg:item/redridinghood/dead"},{"predicate":{"custom_model_data":48},"model":"lg:item/redridinghood/dead_infected"},{"predicate":{"custom_model_data":49},"model":"lg:item/hunter/simple"},{"predicate":{"custom_model_data":50},"model":"lg:item/hunter/infected"},{"predicate":{"custom_model_data":51},"model":"lg:item/hunter/mayor_infected"},{"predicate":{"custom_model_data":52},"model":"lg:item/hunter/mayor"},{"predicate":{"custom_model_data":53},"model":"lg:item/hunter/mayor_vampired"},{"predicate":{"custom_model_data":54},"model":"lg:item/hunter/vampired"},{"predicate":{"custom_model_data":55},"model":"lg:item/hunter/infected_vampired"},{"predicate":{"custom_model_data":56},"model":"lg:item/hunter/mayor_infected_vampired"},{"predicate":{"custom_model_data":57},"model":"lg:item/hunter/dead_infected_vampired"},{"predicate":{"custom_model_data":58},"model":"lg:item/hunter/dead_vampired"},{"predicate":{"custom_model_data":59},"model":"lg:item/hunter/dead"},{"predicate":{"custom_model_data":60},"model":"lg:item/hunter/dead_infected"},{"predicate":{"custom_model_data":61},"model":"lg:item/vampirehunter/simple"},{"predicate":{"custom_model_data":62},"model":"lg:item/vampirehunter/infected"},{"predicate":{"custom_model_data":63},"model":"lg:item/vampirehunter/mayor_infected"},{"predicate":{"custom_model_data":64},"model":"lg:item/vampirehunter/mayor"},{"predicate":{"custom_model_data":65},"model":"lg:item/vampirehunter/mayor_vampired"},{"predicate":{"custom_model_data":66},"model":"lg:item/vampirehunter/vampired"},{"predicate":{"custom_model_data":67},"model":"lg:item/vampirehunter/infected_vampired"},{"predicate":{"custom_model_data":68},"model":"lg:item/vampirehunter/mayor_infected_vampired"},{"predicate":{"custom_model_data":69},"model":"lg:item/vampirehunter/dead_infected_vampired"},{"predicate":{"custom_model_data":70},"model":"lg:item/vampirehunter/dead_vampired"},{"predicate":{"custom_model_data":71},"model":"lg:item/vampirehunter/dead"},{"predicate":{"custom_model_data":72},"model":"lg:item/vampirehunter/dead_infected"},{"predicate":{"custom_model_data":73},"model":"lg:item/dogwolf/simple"},{"predicate":{"custom_model_data":74},"model":"lg:item/dogwolf/infected"},{"predicate":{"custom_model_data":75},"model":"lg:item/dogwolf/mayor_infected"},{"predicate":{"custom_model_data":76},"model":"lg:item/dogwolf/mayor"},{"predicate":{"custom_model_data":77},"model":"lg:item/dogwolf/mayor_vampired"},{"predicate":{"custom_model_data":78},"model":"lg:item/dogwolf/vampired"},{"predicate":{"custom_model_data":79},"model":"lg:item/dogwolf/infected_vampired"},{"predicate":{"custom_model_data":80},"model":"lg:item/dogwolf/mayor_infected_vampired"},{"predicate":{"custom_model_data":81},"model":"lg:item/dogwolf/dead_infected_vampired"},{"predicate":{"custom_model_data":82},"model":"lg:item/dogwolf/dead_vampired"},{"predicate":{"custom_model_data":83},"model":"lg:item/dogwolf/dead"},{"predicate":{"custom_model_data":84},"model":"lg:item/dogwolf/dead_infected"},{"predicate":{"custom_model_data":85},"model":"lg:item/raven/simple"},{"predicate":{"custom_model_data":86},"model":"lg:item/raven/infected"},{"predicate":{"custom_model_data":87},"model":"lg:item/raven/mayor_infected"},{"predicate":{"custom_model_data":88},"model":"lg:item/raven/mayor"},{"predicate":{"custom_model_data":89},"model":"lg:item/raven/mayor_vampired"},{"predicate":{"custom_model_data":90},"model":"lg:item/raven/vampired"},{"predicate":{"custom_model_data":91},"model":"lg:item/raven/infected_vampired"},{"predicate":{"custom_model_data":92},"model":"lg:item/raven/mayor_infected_vampired"},{"predicate":{"custom_model_data":93},"model":"lg:item/raven/dead_infected_vampired"},{"predicate":{"custom_model_data":94},"model":"lg:item/raven/dead_vampired"},{"predicate":{"custom_model_data":95},"model":"lg:item/raven/dead"},{"predicate":{"custom_model_data":96},"model":"lg:item/raven/dead_infected"},{"predicate":{"custom_model_data":97},"model":"lg:item/dictator/simple"},{"predicate":{"custom_model_data":98},"model":"lg:item/dictator/infected"},{"predicate":{"custom_model_data":99},"model":"lg:item/dictator/mayor_infected"},{"predicate":{"custom_model_data":100},"model":"lg:item/dictator/mayor"},{"predicate":{"custom_model_data":101},"model":"lg:item/dictator/mayor_vampired"},{"predicate":{"custom_model_data":102},"model":"lg:item/dictator/vampired"},{"predicate":{"custom_model_data":103},"model":"lg:item/dictator/infected_vampired"},{"predicate":{"custom_model_data":104},"model":"lg:item/dictator/mayor_infected_vampired"},{"predicate":{"custom_model_data":105},"model":"lg:item/dictator/dead_infected_vampired"},{"predicate":{"custom_model_data":106},"model":"lg:item/dictator/dead_vampired"},{"predicate":{"custom_model_data":107},"model":"lg:item/dictator/dead"},{"predicate":{"custom_model_data":108},"model":"lg:item/dictator/dead_infected"},{"predicate":{"custom_model_data":109},"model":"lg:item/detective/simple"},{"predicate":{"custom_model_data":110},"model":"lg:item/detective/infected"},{"predicate":{"custom_model_data":111},"model":"lg:item/detective/mayor_infected"},{"predicate":{"custom_model_data":112},"model":"lg:item/detective/mayor"},{"predicate":{"custom_model_data":113},"model":"lg:item/detective/mayor_vampired"},{"predicate":{"custom_model_data":114},"model":"lg:item/detective/vampired"},{"predicate":{"custom_model_data":115},"model":"lg:item/detective/infected_vampired"},{"predicate":{"custom_model_data":116},"model":"lg:item/detective/mayor_infected_vampired"},{"predicate":{"custom_model_data":117},"model":"lg:item/detective/dead_infected_vampired"},{"predicate":{"custom_model_data":118},"model":"lg:item/detective/dead_vampired"},{"predicate":{"custom_model_data":119},"model":"lg:item/detective/dead"},{"predicate":{"custom_model_data":120},"model":"lg:item/detective/dead_infected"},{"predicate":{"custom_model_data":121},"model":"lg:item/childwild/simple"},{"predicate":{"custom_model_data":122},"model":"lg:item/childwild/infected"},{"predicate":{"custom_model_data":123},"model":"lg:item/childwild/mayor_infected"},{"predicate":{"custom_model_data":124},"model":"lg:item/childwild/mayor"},{"predicate":{"custom_model_data":125},"model":"lg:item/childwild/mayor_vampired"},{"predicate":{"custom_model_data":126},"model":"lg:item/childwild/vampired"},{"predicate":{"custom_model_data":127},"model":"lg:item/childwild/infected_vampired"},{"predicate":{"custom_model_data":128},"model":"lg:item/childwild/mayor_infected_vampired"},{"predicate":{"custom_model_data":129},"model":"lg:item/childwild/dead_infected_vampired"},{"predicate":{"custom_model_data":130},"model":"lg:item/childwild/dead_vampired"},{"predicate":{"custom_model_data":131},"model":"lg:item/childwild/dead"},{"predicate":{"custom_model_data":132},"model":"lg:item/childwild/dead_infected"},{"predicate":{"custom_model_data":133},"model":"lg:item/reaper/simple"},{"predicate":{"custom_model_data":134},"model":"lg:item/reaper/infected"},{"predicate":{"custom_model_data":135},"model":"lg:item/reaper/mayor_infected"},{"predicate":{"custom_model_data":136},"model":"lg:item/reaper/mayor"},{"predicate":{"custom_model_data":137},"model":"lg:item/reaper/mayor_vampired"},{"predicate":{"custom_model_data":138},"model":"lg:item/reaper/vampired"},{"predicate":{"custom_model_data":139},"model":"lg:item/reaper/infected_vampired"},{"predicate":{"custom_model_data":140},"model":"lg:item/reaper/mayor_infected_vampired"},{"predicate":{"custom_model_data":141},"model":"lg:item/reaper/dead_infected_vampired"},{"predicate":{"custom_model_data":142},"model":"lg:item/reaper/dead_vampired"},{"predicate":{"custom_model_data":143},"model":"lg:item/reaper/dead"},{"predicate":{"custom_model_data":144},"model":"lg:item/reaper/dead_infected"},{"predicate":{"custom_model_data":145},"model":"lg:item/gardien/simple"},{"predicate":{"custom_model_data":146},"model":"lg:item/gardien/infected"},{"predicate":{"custom_model_data":147},"model":"lg:item/gardien/mayor_infected"},{"predicate":{"custom_model_data":148},"model":"lg:item/gardien/mayor"},{"predicate":{"custom_model_data":149},"model":"lg:item/gardien/mayor_vampired"},{"predicate":{"custom_model_data":150},"model":"lg:item/gardien/vampired"},{"predicate":{"custom_model_data":151},"model":"lg:item/gardien/infected_vampired"},{"predicate":{"custom_model_data":152},"model":"lg:item/gardien/mayor_infected_vampired"},{"predicate":{"custom_model_data":153},"model":"lg:item/gardien/dead_infected_vampired"},{"predicate":{"custom_model_data":154},"model":"lg:item/gardien/dead_vampired"},{"predicate":{"custom_model_data":155},"model":"lg:item/gardien/dead"},{"predicate":{"custom_model_data":156},"model":"lg:item/gardien/dead_infected"},{"predicate":{"custom_model_data":157},"model":"lg:item/bearshowman/simple"},{"predicate":{"custom_model_data":158},"model":"lg:item/bearshowman/infected"},{"predicate":{"custom_model_data":159},"model":"lg:item/bearshowman/mayor_infected"},{"predicate":{"custom_model_data":160},"model":"lg:item/bearshowman/mayor"},{"predicate":{"custom_model_data":161},"model":"lg:item/bearshowman/mayor_vampired"},{"predicate":{"custom_model_data":162},"model":"lg:item/bearshowman/vampired"},{"predicate":{"custom_model_data":163},"model":"lg:item/bearshowman/infected_vampired"},{"predicate":{"custom_model_data":164},"model":"lg:item/bearshowman/mayor_infected_vampired"},{"predicate":{"custom_model_data":165},"model":"lg:item/bearshowman/dead_infected_vampired"},{"predicate":{"custom_model_data":166},"model":"lg:item/bearshowman/dead_vampired"},{"predicate":{"custom_model_data":167},"model":"lg:item/bearshowman/dead"},{"predicate":{"custom_model_data":168},"model":"lg:item/bearshowman/dead_infected"},{"predicate":{"custom_model_data":169},"model":"lg:item/medium/simple"},{"predicate":{"custom_model_data":170},"model":"lg:item/medium/infected"},{"predicate":{"custom_model_data":171},"model":"lg:item/medium/mayor_infected"},{"predicate":{"custom_model_data":172},"model":"lg:item/medium/mayor"},{"predicate":{"custom_model_data":173},"model":"lg:item/medium/mayor_vampired"},{"predicate":{"custom_model_data":174},"model":"lg:item/medium/vampired"},{"predicate":{"custom_model_data":175},"model":"lg:item/medium/infected_vampired"},{"predicate":{"custom_model_data":176},"model":"lg:item/medium/mayor_infected_vampired"},{"predicate":{"custom_model_data":177},"model":"lg:item/medium/dead_infected_vampired"},{"predicate":{"custom_model_data":178},"model":"lg:item/medium/dead_vampired"},{"predicate":{"custom_model_data":179},"model":"lg:item/medium/dead"},{"predicate":{"custom_model_data":180},"model":"lg:item/medium/dead_infected"},{"predicate":{"custom_model_data":181},"model":"lg:item/littlegirl/simple"},{"predicate":{"custom_model_data":182},"model":"lg:item/littlegirl/infected"},{"predicate":{"custom_model_data":183},"model":"lg:item/littlegirl/mayor_infected"},{"predicate":{"custom_model_data":184},"model":"lg:item/littlegirl/mayor"},{"predicate":{"custom_model_data":185},"model":"lg:item/littlegirl/mayor_vampired"},{"predicate":{"custom_model_data":186},"model":"lg:item/littlegirl/vampired"},{"predicate":{"custom_model_data":187},"model":"lg:item/littlegirl/infected_vampired"},{"predicate":{"custom_model_data":188},"model":"lg:item/littlegirl/mayor_infected_vampired"},{"predicate":{"custom_model_data":189},"model":"lg:item/littlegirl/dead_infected_vampired"},{"predicate":{"custom_model_data":190},"model":"lg:item/littlegirl/dead_vampired"},{"predicate":{"custom_model_data":191},"model":"lg:item/littlegirl/dead"},{"predicate":{"custom_model_data":192},"model":"lg:item/littlegirl/dead_infected"},{"predicate":{"custom_model_data":193},"model":"lg:item/pirate/simple"},{"predicate":{"custom_model_data":194},"model":"lg:item/pirate/infected"},{"predicate":{"custom_model_data":195},"model":"lg:item/pirate/mayor_infected"},{"predicate":{"custom_model_data":196},"model":"lg:item/pirate/mayor"},{"predicate":{"custom_model_data":197},"model":"lg:item/pirate/mayor_vampired"},{"predicate":{"custom_model_data":198},"model":"lg:item/pirate/vampired"},{"predicate":{"custom_model_data":199},"model":"lg:item/pirate/infected_vampired"},{"predicate":{"custom_model_data":200},"model":"lg:item/pirate/mayor_infected_vampired"},{"predicate":{"custom_model_data":201},"model":"lg:item/pirate/dead_infected_vampired"},{"predicate":{"custom_model_data":202},"model":"lg:item/pirate/dead_vampired"},{"predicate":{"custom_model_data":203},"model":"lg:item/pirate/dead"},{"predicate":{"custom_model_data":204},"model":"lg:item/pirate/dead_infected"},{"predicate":{"custom_model_data":205},"model":"lg:item/witch/simple"},{"predicate":{"custom_model_data":206},"model":"lg:item/witch/infected"},{"predicate":{"custom_model_data":207},"model":"lg:item/witch/mayor_infected"},{"predicate":{"custom_model_data":208},"model":"lg:item/witch/mayor"},{"predicate":{"custom_model_data":209},"model":"lg:item/witch/mayor_vampired"},{"predicate":{"custom_model_data":210},"model":"lg:item/witch/vampired"},{"predicate":{"custom_model_data":211},"model":"lg:item/witch/infected_vampired"},{"predicate":{"custom_model_data":212},"model":"lg:item/witch/mayor_infected_vampired"},{"predicate":{"custom_model_data":213},"model":"lg:item/witch/dead_infected_vampired"},{"predicate":{"custom_model_data":214},"model":"lg:item/witch/dead_vampired"},{"predicate":{"custom_model_data":215},"model":"lg:item/witch/dead"},{"predicate":{"custom_model_data":216},"model":"lg:item/witch/dead_infected"},{"predicate":{"custom_model_data":217},"model":"lg:item/villager/simple"},{"predicate":{"custom_model_data":218},"model":"lg:item/villager/infected"},{"predicate":{"custom_model_data":219},"model":"lg:item/villager/mayor_infected"},{"predicate":{"custom_model_data":220},"model":"lg:item/villager/mayor"},{"predicate":{"custom_model_data":221},"model":"lg:item/villager/mayor_vampired"},{"predicate":{"custom_model_data":222},"model":"lg:item/villager/vampired"},{"predicate":{"custom_model_data":223},"model":"lg:item/villager/infected_vampired"},{"predicate":{"custom_model_data":224},"model":"lg:item/villager/mayor_infected_vampired"},{"predicate":{"custom_model_data":225},"model":"lg:item/villager/dead_infected_vampired"},{"predicate":{"custom_model_data":226},"model":"lg:item/villager/dead_vampired"},{"predicate":{"custom_model_data":227},"model":"lg:item/villager/dead"},{"predicate":{"custom_model_data":228},"model":"lg:item/villager/dead_infected"},{"predicate":{"custom_model_data":229},"model":"lg:item/clairvoyant/simple"},{"predicate":{"custom_model_data":230},"model":"lg:item/clairvoyant/infected"},{"predicate":{"custom_model_data":231},"model":"lg:item/clairvoyant/mayor_infected"},{"predicate":{"custom_model_data":232},"model":"lg:item/clairvoyant/mayor"},{"predicate":{"custom_model_data":233},"model":"lg:item/clairvoyant/mayor_vampired"},{"predicate":{"custom_model_data":234},"model":"lg:item/clairvoyant/vampired"},{"predicate":{"custom_model_data":235},"model":"lg:item/clairvoyant/infected_vampired"},{"predicate":{"custom_model_data":236},"model":"lg:item/clairvoyant/mayor_infected_vampired"},{"predicate":{"custom_model_data":237},"model":"lg:item/clairvoyant/dead_infected_vampired"},{"predicate":{"custom_model_data":238},"model":"lg:item/clairvoyant/dead_vampired"},{"predicate":{"custom_model_data":239},"model":"lg:item/clairvoyant/dead"},{"predicate":{"custom_model_data":240},"model":"lg:item/clairvoyant/dead_infected"},{"predicate":{"custom_model_data":241},"model":"lg:item/bigbadwolf/simple"},{"predicate":{"custom_model_data":242},"model":"lg:item/bigbadwolf/infected"},{"predicate":{"custom_model_data":243},"model":"lg:item/bigbadwolf/mayor_infected"},{"predicate":{"custom_model_data":244},"model":"lg:item/bigbadwolf/mayor"},{"predicate":{"custom_model_data":245},"model":"lg:item/bigbadwolf/mayor_vampired"},{"predicate":{"custom_model_data":246},"model":"lg:item/bigbadwolf/vampired"},{"predicate":{"custom_model_data":247},"model":"lg:item/bigbadwolf/infected_vampired"},{"predicate":{"custom_model_data":248},"model":"lg:item/bigbadwolf/mayor_infected_vampired"},{"predicate":{"custom_model_data":249},"model":"lg:item/bigbadwolf/dead_infected_vampired"},{"predicate":{"custom_model_data":250},"model":"lg:item/bigbadwolf/dead_vampired"},{"predicate":{"custom_model_data":251},"model":"lg:item/bigbadwolf/dead"},{"predicate":{"custom_model_data":252},"model":"lg:item/bigbadwolf/dead_infected"},{"predicate":{"custom_model_data":253},"model":"lg:item/whitewerewolf/simple"},{"predicate":{"custom_model_data":254},"model":"lg:item/whitewerewolf/infected"},{"predicate":{"custom_model_data":255},"model":"lg:item/whitewerewolf/mayor_infected"},{"predicate":{"custom_model_data":256},"model":"lg:item/whitewerewolf/mayor"},{"predicate":{"custom_model_data":257},"model":"lg:item/whitewerewolf/mayor_vampired"},{"predicate":{"custom_model_data":258},"model":"lg:item/whitewerewolf/vampired"},{"predicate":{"custom_model_data":259},"model":"lg:item/whitewerewolf/infected_vampired"},{"predicate":{"custom_model_data":260},"model":"lg:item/whitewerewolf/mayor_infected_vampired"},{"predicate":{"custom_model_data":261},"model":"lg:item/whitewerewolf/dead_infected_vampired"},{"predicate":{"custom_model_data":262},"model":"lg:item/whitewerewolf/dead_vampired"},{"predicate":{"custom_model_data":263},"model":"lg:item/whitewerewolf/dead"},{"predicate":{"custom_model_data":264},"model":"lg:item/whitewerewolf/dead_infected"},{"predicate":{"custom_model_data":265},"model":"lg:item/blackwerewolf/simple"},{"predicate":{"custom_model_data":266},"model":"lg:item/blackwerewolf/infected"},{"predicate":{"custom_model_data":267},"model":"lg:item/blackwerewolf/mayor_infected"},{"predicate":{"custom_model_data":268},"model":"lg:item/blackwerewolf/mayor"},{"predicate":{"custom_model_data":269},"model":"lg:item/blackwerewolf/mayor_vampired"},{"predicate":{"custom_model_data":270},"model":"lg:item/blackwerewolf/vampired"},{"predicate":{"custom_model_data":271},"model":"lg:item/blackwerewolf/infected_vampired"},{"predicate":{"custom_model_data":272},"model":"lg:item/blackwerewolf/mayor_infected_vampired"},{"predicate":{"custom_model_data":273},"model":"lg:item/blackwerewolf/dead_infected_vampired"},{"predicate":{"custom_model_data":274},"model":"lg:item/blackwerewolf/dead_vampired"},{"predicate":{"custom_model_data":275},"model":"lg:item/blackwerewolf/dead"},{"predicate":{"custom_model_data":276},"model":"lg:item/blackwerewolf/dead_infected"},{"predicate":{"custom_model_data":277},"model":"lg:item/werewolf/simple"},{"predicate":{"custom_model_data":278},"model":"lg:item/werewolf/infected"},{"predicate":{"custom_model_data":279},"model":"lg:item/werewolf/mayor_infected"},{"predicate":{"custom_model_data":280},"model":"lg:item/werewolf/mayor"},{"predicate":{"custom_model_data":281},"model":"lg:item/werewolf/mayor_vampired"},{"predicate":{"custom_model_data":282},"model":"lg:item/werewolf/vampired"},{"predicate":{"custom_model_data":283},"model":"lg:item/werewolf/infected_vampired"},{"predicate":{"custom_model_data":284},"model":"lg:item/werewolf/mayor_infected_vampired"},{"predicate":{"custom_model_data":285},"model":"lg:item/werewolf/dead_infected_vampired"},{"predicate":{"custom_model_data":286},"model":"lg:item/werewolf/dead_vampired"},{"predicate":{"custom_model_data":287},"model":"lg:item/werewolf/dead"},{"predicate":{"custom_model_data":288},"model":"lg:item/werewolf/dead_infected"},{"predicate":{"custom_model_data":289},"model":"lg:item/angel/simple"},{"predicate":{"custom_model_data":290},"model":"lg:item/angel/infected"},{"predicate":{"custom_model_data":291},"model":"lg:item/angel/mayor_infected"},{"predicate":{"custom_model_data":292},"model":"lg:item/angel/mayor"},{"predicate":{"custom_model_data":293},"model":"lg:item/angel/mayor_vampired"},{"predicate":{"custom_model_data":294},"model":"lg:item/angel/vampired"},{"predicate":{"custom_model_data":295},"model":"lg:item/angel/infected_vampired"},{"predicate":{"custom_model_data":296},"model":"lg:item/angel/mayor_infected_vampired"},{"predicate":{"custom_model_data":297},"model":"lg:item/angel/dead_infected_vampired"},{"predicate":{"custom_model_data":298},"model":"lg:item/angel/dead_vampired"},{"predicate":{"custom_model_data":299},"model":"lg:item/angel/dead"},{"predicate":{"custom_model_data":300},"model":"lg:item/angel/dead_infected"},{"predicate":{"custom_model_data":301},"model":"lg:item/jester/simple"},{"predicate":{"custom_model_data":302},"model":"lg:item/jester/infected"},{"predicate":{"custom_model_data":303},"model":"lg:item/jester/mayor_infected"},{"predicate":{"custom_model_data":304},"model":"lg:item/jester/mayor"},{"predicate":{"custom_model_data":305},"model":"lg:item/jester/mayor_vampired"},{"predicate":{"custom_model_data":306},"model":"lg:item/jester/vampired"},{"predicate":{"custom_model_data":307},"model":"lg:item/jester/infected_vampired"},{"predicate":{"custom_model_data":308},"model":"lg:item/jester/mayor_infected_vampired"},{"predicate":{"custom_model_data":309},"model":"lg:item/jester/dead_infected_vampired"},{"predicate":{"custom_model_data":310},"model":"lg:item/jester/dead_vampired"},{"predicate":{"custom_model_data":311},"model":"lg:item/jester/dead"},{"predicate":{"custom_model_data":312},"model":"lg:item/jester/dead_infected"},{"predicate":{"custom_model_data":313},"model":"lg:item/cupid/simple"},{"predicate":{"custom_model_data":314},"model":"lg:item/cupid/infected"},{"predicate":{"custom_model_data":315},"model":"lg:item/cupid/mayor_infected"},{"predicate":{"custom_model_data":316},"model":"lg:item/cupid/mayor"},{"predicate":{"custom_model_data":317},"model":"lg:item/cupid/mayor_vampired"},{"predicate":{"custom_model_data":318},"model":"lg:item/cupid/vampired"},{"predicate":{"custom_model_data":319},"model":"lg:item/cupid/infected_vampired"},{"predicate":{"custom_model_data":320},"model":"lg:item/cupid/mayor_infected_vampired"},{"predicate":{"custom_model_data":321},"model":"lg:item/cupid/dead_infected_vampired"},{"predicate":{"custom_model_data":322},"model":"lg:item/cupid/dead_vampired"},{"predicate":{"custom_model_data":323},"model":"lg:item/cupid/dead"},{"predicate":{"custom_model_data":324},"model":"lg:item/cupid/dead_infected"},{"predicate":{"custom_model_data":325},"model":"lg:item/survivor/simple"},{"predicate":{"custom_model_data":326},"model":"lg:item/survivor/infected"},{"predicate":{"custom_model_data":327},"model":"lg:item/survivor/mayor_infected"},{"predicate":{"custom_model_data":328},"model":"lg:item/survivor/mayor"},{"predicate":{"custom_model_data":329},"model":"lg:item/survivor/mayor_vampired"},{"predicate":{"custom_model_data":330},"model":"lg:item/survivor/vampired"},{"predicate":{"custom_model_data":331},"model":"lg:item/survivor/infected_vampired"},{"predicate":{"custom_model_data":332},"model":"lg:item/survivor/mayor_infected_vampired"},{"predicate":{"custom_model_data":333},"model":"lg:item/survivor/dead_infected_vampired"},{"predicate":{"custom_model_data":334},"model":"lg:item/survivor/dead_vampired"},{"predicate":{"custom_model_data":335},"model":"lg:item/survivor/dead"},{"predicate":{"custom_model_data":336},"model":"lg:item/survivor/dead_infected"}]}